Use healthcaredb;

INSERT INTO Patients (name, age, gender, city) VALUES
('Amit Shah', 32, 'Male', 'Delhi'),
('Sita Reddy', 29, 'Female', 'Hyderabad'),
('Rohit Verma', 45, 'Male', 'Mumbai'),
('Divya Nair', 34, 'Female', 'Chennai'),
('Karan Patel', 51, 'Male', 'Bangalore'),
('Neha Joshi', 27, 'Female', 'Pune'),
('Anil Mehra', 38, 'Male', 'Kolkata'),
('Priya Das', 31, 'Female', 'Bhubaneswar'),
('Sunil Yadav', 44, 'Male', 'Ahmedabad'),
('Meena Iyer', 36, 'Female', 'Coimbatore'),
('Manoj Singh', 42, 'Male', 'Lucknow'),
('Lakshmi Rao', 33, 'Female', 'Vijayawada'),
('Rahul Khanna', 30, 'Male', 'Delhi'),
('Nisha Kumari', 26, 'Female', 'Ranchi'),
('Vikram Joshi', 40, 'Male', 'Indore'),
('Sneha Paul', 35, 'Female', 'Kolkata'),
('Harsh Vora', 39, 'Male', 'Surat'),
('Pooja Sharma', 28, 'Female', 'Jaipur'),
('Nitin Goyal', 50, 'Male', 'Chandigarh'),
('Kavita Menon', 43, 'Female', 'Trivandrum'),
('Alok Mishra', 37, 'Male', 'Bhopal'),
('Aarti Kulkarni', 30, 'Female', 'Nagpur'),
('Suresh Rathi', 48, 'Male', 'Nashik'),
('Bhavna Shah', 29, 'Female', 'Vadodara'),
('Tarun Jain', 31, 'Male', 'Delhi'),
('Preeti Sinha', 34, 'Female', 'Patna'),
('Raj Malhotra', 41, 'Male', 'Kanpur'),
('Swati Kapoor', 33, 'Female', 'Noida'),
('Mohit Saxena', 36, 'Male', 'Gurgaon'),
('Anjali Rao', 32, 'Female', 'Vizag'),
('Ramesh Bhatt', 47, 'Male', 'Dehradun'),
('Shruti Deshmukh', 27, 'Female', 'Nagpur'),
('Deepak Bansal', 44, 'Male', 'Raipur'),
('Gayatri Reddy', 38, 'Female', 'Warangal'),
('Sanjay Kulkarni', 35, 'Male', 'Thane'),
('Vidya Sharma', 28, 'Female', 'Jodhpur'),
('Ajay Thakur', 39, 'Male', 'Shimla'),
('Shalini Gupta', 31, 'Female', 'Amritsar'),
('Naveen Chandra', 45, 'Male', 'Mysore'),
('Megha Jain', 26, 'Female', 'Udaipur'),
('Rajeev Dixit', 52, 'Male', 'Gwalior'),
('Tanya Batra', 29, 'Female', 'Aligarh'),
('Yogesh Khandelwal', 42, 'Male', 'Jabalpur'),
('Asmita Roy', 34, 'Female', 'Siliguri'),
('Devendra Patil', 37, 'Male', 'Aurangabad'),
('Nivedita Sen', 32, 'Female', 'Howrah'),
('Gaurav Sinha', 40, 'Male', 'Dhanbad'),
('Rekha Pillai', 36, 'Female', 'Thrissur'),
('Hemant Shetty', 43, 'Male', 'Mangalore'),
('Sandhya Iyer', 30, 'Female', 'Kozhikode'),
('Prakash Tiwari', 49, 'Male', 'Jhansi'),
('Ritika Ahuja', 28, 'Female', 'Panaji'),
('Bharat Kumar', 46, 'Male', 'Rourkela'),
('Charu Chopra', 33, 'Female', 'Bareilly'),
('Shyam Verma', 50, 'Male', 'Bilaspur'),
('Anuja Mehta', 31, 'Female', 'Nanded'),
('Om Prakash', 38, 'Male', 'Agra'),
('Nandini Rao', 35, 'Female', 'Ghaziabad'),
('Ashok Sharma', 41, 'Male', 'Faridabad'),
('Divya Saxena', 27, 'Female', 'Moradabad'),
('Dilip Reddy', 44, 'Male', 'Karimnagar'),
('Lata Desai', 30, 'Female', 'Solapur'),
('Ravindra Gupta', 36, 'Male', 'Ujjain'),
('Tanvi Joshi', 34, 'Female', 'Saharanpur'),
('Narendra Yadav', 39, 'Male', 'Vellore'),
('Arpita Banerjee', 29, 'Female', 'Asansol'),
('Mahesh Naik', 45, 'Male', 'Hubli'),
('Kiran Bala', 32, 'Female', 'Cuttack'),
('Satish Pal', 43, 'Male', 'Guntur'),
('Deepali Mishra', 31, 'Female', 'Ajmer'),
('Ajit Pawar', 47, 'Male', 'Kolhapur'),
('Nikita Verma', 26, 'Female', 'Nellore'),
('Brijesh Shukla', 40, 'Male', 'Kakinada'),
('Jaya Menon', 36, 'Female', 'Tirupati'),
('Rajkumar Sethi', 42, 'Male', 'Jalandhar'),
('Payal Shah', 30, 'Female', 'Nizamabad'),
('Suraj Bhatia', 39, 'Male', 'Bhavnagar'),
('Kritika Agarwal', 28, 'Female', 'Kollam'),
('Vivek Jha', 46, 'Male', 'Gaya'),
('Rashmi Desai', 33, 'Female', 'Durgapur'),
('Sameer Rao', 35, 'Male', 'Rewa'),
('Nidhi Sood', 29, 'Female', 'Sangli'),
('Arvind Dubey', 48, 'Male', 'Bokaro'),
('Snehal Thakur', 34, 'Female', 'Tinsukia'),
('Ashwin Iyer', 37, 'Male', 'Itanagar'),
('Bhavya Kapoor', 26, 'Female', 'Imphal'),
('Ravi Teja', 41, 'Male', 'Aizawl'),
('Mona Bhatt', 30, 'Female', 'Shillong'),
('Kapil Mehta', 45, 'Male', 'Agartala'),
('Rani Kaur', 28, 'Female', 'Port Blair'),
('Harish Pandey', 39, 'Male', 'Silchar'),
('Smita Narayan', 33, 'Female', 'Dharwad'),
('Jitendra Yadav', 44, 'Male', 'Satna'),
('Pallavi Sharma', 35, 'Female', 'Bhagalpur'),
('Girish Reddy', 42, 'Male', 'Chandrapur'),
('Reena Joshi', 31, 'Female', 'Darbhanga'),
('Yash Pal', 38, 'Male', 'Jamnagar'),
('Madhavi Das', 27, 'Female', 'Malegaon'),
('Nikhil Jain', 36, 'Male', 'Firozabad'),
('Anushka Reddy', 29, 'Female', 'Raichur'),
('Arun Nair', 43, 'Male', 'Erode'),
('Shweta Bhatt', 32, 'Female', 'Eluru');


INSERT INTO Doctor (name, specialization, fee) VALUES
('Dr. Meena Iyer', 'Cardiology', 1000),
('Dr. Arvind Rao', 'Orthopedics', 800),
('Dr. Kavita Sinha', 'Dermatology', 600),
('Dr. Ravi Kumar', 'Neurology', 1200),
('Dr. Leena Singh', 'General Medicine', 500),
('Dr. Amit Joshi', 'ENT', 700),
('Dr. Nandini Verma', 'Pediatrics', 900),
('Dr. Sanjay Mehra', 'Oncology', 1300),
('Dr. Priya Nair', 'Gynecology', 1000),
('Dr. Rajeev Bhatia', 'Urology', 1100),
('Dr. Sneha Shah', 'Psychiatry', 950),
('Dr. Rohit Malhotra', 'Gastroenterology', 1050),
('Dr. Anjali Reddy', 'Ophthalmology', 650),
('Dr. Vikram Patel', 'Nephrology', 1200),
('Dr. Swati Kapoor', 'Endocrinology', 1000),
('Dr. Ashok Thakur', 'Pulmonology', 900),
('Dr. Tanya Das', 'Dermatology', 600),
('Dr. Alok Sinha', 'General Surgery', 950),
('Dr. Reena Pillai', 'ENT', 700),
('Dr. Harish Kaur', 'Cardiology', 1100),
('Dr. Manoj Desai', 'Orthopedics', 800),
('Dr. Divya Rani', 'Gynecology', 950),
('Dr. Naveen Chandra', 'Neurology', 1200),
('Dr. Aarti Menon', 'General Medicine', 500),
('Dr. Kiran Rao', 'Pediatrics', 850),
('Dr. Shreya Yadav', 'Psychiatry', 1000),
('Dr. Suresh Rathi', 'Cardiology', 1300),
('Dr. Lakshmi Sharma', 'Endocrinology', 950),
('Dr. Varun Saxena', 'Dermatology', 600),
('Dr. Pooja Iyer', 'Ophthalmology', 700),
('Dr. Nikhil Ghosh', 'Urology', 1100),
('Dr. Bhavna Mehta', 'Orthopedics', 850),
('Dr. Deepak Bhatt', 'ENT', 650),
('Dr. Neha Kulkarni', 'General Medicine', 550),
('Dr. Tarun Joshi', 'Oncology', 1400),
('Dr. Jaya Nambiar', 'Gynecology', 1000),
('Dr. Yash Tiwari', 'Neurology', 1250),
('Dr. Ruchi Agarwal', 'Pediatrics', 900),
('Dr. Raj Malhotra', 'General Surgery', 1000),
('Dr. Snehal Patil', 'Dermatology', 600),
('Dr. Ajay Chopra', 'Cardiology', 1200),
('Dr. Charu Singh', 'Psychiatry', 950),
('Dr. Harsha Shetty', 'Gastroenterology', 1050),
('Dr. Kunal Sethi', 'Nephrology', 1150),
('Dr. Radhika Reddy', 'Endocrinology', 950),
('Dr. Sameer Verma', 'Pulmonology', 850),
('Dr. Manisha Paul', 'Gynecology', 1000),
('Dr. Ravindra Jain', 'Ophthalmology', 650),
('Dr. Preeti Deshmukh', 'ENT', 700),
('Dr. Abhinav Kaul', 'Orthopedics', 800),
('Dr. Asha Rao', 'General Medicine', 600),
('Dr. Satish Naik', 'Urology', 1100),
('Dr. Kritika Shah', 'Psychiatry', 900),
('Dr. Dhruv Bansal', 'Neurology', 1250),
('Dr. Ishita Nair', 'Cardiology', 1300),
('Dr. Vinod Khanna', 'Pediatrics', 850),
('Dr. Iqbal Singh', 'Oncology', 1450),
('Dr. Meera Chopra', 'Dermatology', 650),
('Dr. Ramesh Vora', 'Orthopedics', 800),
('Dr. Kanika Desai', 'Endocrinology', 950),
('Dr. Tapan Ghosh', 'General Surgery', 1000),
('Dr. Nidhi Rao', 'Gynecology', 950),
('Dr. Arjun Pillai', 'ENT', 750),
('Dr. Shraddha Iyer', 'Pulmonology', 900),
('Dr. Chetan Reddy', 'Cardiology', 1100),
('Dr. Tamanna Kapoor', 'Psychiatry', 1000),
('Dr. Dinesh Dubey', 'Urology', 1150),
('Dr. Shalini Goyal', 'Ophthalmology', 650),
('Dr. Keshav Menon', 'General Medicine', 550),
('Dr. Bindu Sharma', 'Pediatrics', 900),
('Dr. Yogesh Malviya', 'Neurology', 1200),
('Dr. Anuja Jain', 'Endocrinology', 950),
('Dr. Aditya Singh', 'Orthopedics', 850),
('Dr. Farah Khan', 'Dermatology', 600),
('Dr. Gopal Patil', 'Gastroenterology', 1100),
('Dr. Urmila Das', 'Gynecology', 1000),
('Dr. Mohan Shekhar', 'ENT', 700),
('Dr. Simran Kaur', 'Psychiatry', 950),
('Dr. Devendra Tripathi', 'Cardiology', 1200),
('Dr. Shruti Lala', 'Pediatrics', 850),
('Dr. Tanmay Roy', 'Oncology', 1400),
('Dr. Avantika Joshi', 'Ophthalmology', 700),
('Dr. Nitin Rawat', 'Pulmonology', 950),
('Dr. Indira Balan', 'General Medicine', 500),
('Dr. Arpit Mehta', 'Urology', 1150),
('Dr. Ritu Bhardwaj', 'Psychiatry', 900),
('Dr. Mahesh Rana', 'Neurology', 1250),
('Dr. Veena Desai', 'Dermatology', 600),
('Dr. Shantanu Rao', 'Cardiology', 1300),
('Dr. Alka Mishra', 'Pediatrics', 850),
('Dr. Siddharth Raina', 'Endocrinology', 1000),
('Dr. Sanya Shetty', 'Gynecology', 950),
('Dr. Manoj Puri', 'General Surgery', 1050),
('Dr. Rachna Nair', 'Ophthalmology', 700),
('Dr. Amit Tiwari', 'Gastroenterology', 1100),
('Dr. Parul Arora', 'Psychiatry', 1000),
('Dr. Kabir Lamba', 'Orthopedics', 850),
('Dr. Madhuri Kiran', 'Pulmonology', 900),
('Dr. Aruna Bansal', 'Dermatology', 650),
('Dr. Krishna Yadav', 'Neurology', 1250),
('Dr. Sneha Saxena', 'General Medicine', 550),
('Dr. Suraj Ghosh', 'Urology', 1150),
('Dr. Rupal Chopra', 'Gynecology', 1000);


INSERT INTO Appointments (patient_id, doctor_id, appointment_date, status) VALUES
(1, 1, '2024-03-01', 'Completed'),
(2, 3, '2024-03-02', 'Completed'),
(3, 4, '2024-03-03', 'Cancelled'),
(4, 2, '2024-03-04', 'Completed'),
(5, 5, '2024-03-05', 'Pending'),
(6, 8, '2024-03-06', 'Completed'),
(7, 10, '2024-03-07', 'Completed'),
(8, 12, '2024-03-08', 'Cancelled'),
(9, 14, '2024-03-09', 'Pending'),
(10, 6, '2024-03-10', 'Completed'),
(11, 15, '2024-03-11', 'Completed'),
(12, 17, '2024-03-12', 'Cancelled'),
(13, 18, '2024-03-13', 'Pending'),
(14, 20, '2024-03-14', 'Completed'),
(15, 7, '2024-03-15', 'Completed'),
(16, 19, '2024-03-16', 'Pending'),
(17, 11, '2024-03-17', 'Cancelled'),
(18, 22, '2024-03-18', 'Completed'),
(19, 24, '2024-03-19', 'Pending'),
(20, 25, '2024-03-20', 'Completed'),
(21, 26, '2024-03-21', 'Completed'),
(22, 28, '2024-03-22', 'Pending'),
(23, 30, '2024-03-23', 'Cancelled'),
(24, 9, '2024-03-24', 'Completed'),
(25, 13, '2024-03-25', 'Completed'),
(26, 27, '2024-03-26', 'Pending'),
(27, 29, '2024-03-27', 'Completed'),
(28, 31, '2024-03-28', 'Cancelled'),
(29, 32, '2024-03-29', 'Completed'),
(30, 16, '2024-03-30', 'Pending'),
(31, 33, '2024-04-01', 'Completed'),
(32, 34, '2024-04-02', 'Completed'),
(33, 35, '2024-04-03', 'Cancelled'),
(34, 36, '2024-04-04', 'Pending'),
(35, 37, '2024-04-05', 'Completed'),
(36, 38, '2024-04-06', 'Completed'),
(37, 39, '2024-04-07', 'Pending'),
(38, 40, '2024-04-08', 'Cancelled'),
(39, 41, '2024-04-09', 'Completed'),
(40, 42, '2024-04-10', 'Pending'),
(41, 43, '2024-04-11', 'Completed'),
(42, 44, '2024-04-12', 'Completed'),
(43, 45, '2024-04-13', 'Cancelled'),
(44, 46, '2024-04-14', 'Pending'),
(45, 47, '2024-04-15', 'Completed'),
(46, 48, '2024-04-16', 'Completed'),
(47, 49, '2024-04-17', 'Cancelled'),
(48, 50, '2024-04-18', 'Completed'),
(49, 51, '2024-04-19', 'Pending'),
(50, 52, '2024-04-20', 'Completed'),
(51, 53, '2024-04-21', 'Completed'),
(52, 54, '2024-04-22', 'Pending'),
(53, 55, '2024-04-23', 'Cancelled'),
(54, 56, '2024-04-24', 'Completed'),
(55, 57, '2024-04-25', 'Pending'),
(56, 58, '2024-04-26', 'Completed'),
(57, 59, '2024-04-27', 'Completed'),
(58, 60, '2024-04-28', 'Cancelled'),
(59, 61, '2024-04-29', 'Pending'),
(60, 62, '2024-04-30', 'Completed'),
(61, 63, '2024-05-01', 'Completed'),
(62, 64, '2024-05-02', 'Cancelled'),
(63, 65, '2024-05-03', 'Pending'),
(64, 66, '2024-05-04', 'Completed'),
(65, 67, '2024-05-05', 'Completed'),
(66, 68, '2024-05-06', 'Pending'),
(67, 69, '2024-05-07', 'Cancelled'),
(68, 70, '2024-05-08', 'Completed'),
(69, 71, '2024-05-09', 'Completed'),
(70, 72, '2024-05-10', 'Pending'),
(71, 73, '2024-05-11', 'Cancelled'),
(72, 74, '2024-05-12', 'Completed'),
(73, 75, '2024-05-13', 'Pending'),
(74, 76, '2024-05-14', 'Completed'),
(75, 77, '2024-05-15', 'Completed'),
(76, 78, '2024-05-16', 'Cancelled'),
(77, 79, '2024-05-17', 'Pending'),
(78, 80, '2024-05-18', 'Completed'),
(79, 81, '2024-05-19', 'Completed'),
(80, 82, '2024-05-20', 'Cancelled'),
(81, 83, '2024-05-21', 'Pending'),
(82, 84, '2024-05-22', 'Completed'),
(83, 85, '2024-05-23', 'Completed'),
(84, 86, '2024-05-24', 'Cancelled'),
(85, 87, '2024-05-25', 'Pending'),
(86, 88, '2024-05-26', 'Completed'),
(87, 89, '2024-05-27', 'Completed'),
(88, 90, '2024-05-28', 'Pending'),
(89, 91, '2024-05-29', 'Cancelled'),
(90, 92, '2024-05-30', 'Completed'),
(91, 93, '2024-05-31', 'Completed'),
(92, 94, '2024-06-01', 'Pending'),
(93, 95, '2024-06-02', 'Cancelled'),
(94, 96, '2024-06-03', 'Completed'),
(95, 97, '2024-06-04', 'Pending'),
(96, 98, '2024-06-05', 'Completed'),
(97, 99, '2024-06-06', 'Completed'),
(98, 100, '2024-06-07', 'Cancelled'),
(99, 2, '2024-06-08', 'Pending'),
(100, 3, '2024-06-09', 'Completed');



INSERT INTO Diagnosis (appointments_id, diagnosis_name, prescribed_medicine) VALUES
(1, 'Hypertension', 'Amlodipine'),
(2, 'Acne', 'Clindamycin'),
(4, 'Knee Pain', 'Ibuprofen'),
(5, 'Fever', 'Paracetamol'),
(6, 'Asthma', 'Salbutamol'),
(7, 'Diabetes', 'Metformin'),
(8, 'Migraine', 'Sumatriptan'),
(9, 'Skin Allergy', 'Cetirizine'),
(10, 'Cough', 'Dextromethorphan'),
(11, 'Sore Throat', 'Azithromycin'),
(12, 'Hypertension', 'Losartan'),
(13, 'Back Pain', 'Diclofenac'),
(14, 'Thyroid Disorder', 'Levothyroxine'),
(15, 'Chest Infection', 'Amoxicillin'),
(16, 'Arthritis', 'Naproxen'),
(17, 'Cold', 'Levocetirizine'),
(18, 'Gastritis', 'Pantoprazole'),
(19, 'Ear Infection', 'Ciprofloxacin'),
(20, 'Conjunctivitis', 'Ofloxacin'),
(21, 'Sinusitis', 'Fluticasone'),
(22, 'Depression', 'Sertraline'),
(23, 'Anxiety', 'Alprazolam'),
(24, 'Anemia', 'Iron Folic Acid'),
(25, 'PCOD', 'OCP'),
(26, 'Urinary Infection', 'Nitrofurantoin'),
(27, 'Pneumonia', 'Cefixime'),
(28, 'Obesity', 'Orlistat'),
(29, 'Joint Pain', 'Meloxicam'),
(30, 'Eye Dryness', 'Artificial Tears'),
(31, 'Bronchitis', 'Ambroxol'),
(32, 'Dengue', 'Paracetamol'),
(33, 'Chickenpox', 'Acyclovir'),
(34, 'Typhoid', 'Ceftriaxone'),
(35, 'Measles', 'Vitamin A'),
(36, 'Constipation', 'Lactulose'),
(37, 'Diarrhea', 'ORS'),
(38, 'Allergic Rhinitis', 'Montelukast'),
(39, 'GERD', 'Omeprazole'),
(40, 'Bacterial Infection', 'Amoxicillin-Clavulanate'),
(41, 'Fungal Infection', 'Fluconazole'),
(42, 'Wound Infection', 'Neosporin'),
(43, 'Scabies', 'Permethrin'),
(44, 'Malaria', 'Chloroquine'),
(45, 'Tuberculosis', 'Rifampicin'),
(46, 'Vitamin D Deficiency', 'Cholecalciferol'),
(47, 'Acid Reflux', 'Ranitidine'),
(48, 'Hair Loss', 'Minoxidil'),
(49, 'Eczema', 'Hydrocortisone'),
(50, 'Nasal Congestion', 'Oxymetazoline'),
(51, 'Sleep Disorder', 'Zolpidem'),
(52, 'Liver Disease', 'Ursodiol'),
(53, 'Gallstones', 'Ursodeoxycholic Acid'),
(54, 'Kidney Stone', 'Tamsulosin'),
(55, 'Epilepsy', 'Valproate'),
(56, 'Psoriasis', 'Calcipotriol'),
(57, 'Acne Vulgaris', 'Benzoyl Peroxide'),
(58, 'Hypothyroidism', 'Thyroxine'),
(59, 'Lactose Intolerance', 'Lactase Enzyme'),
(60, 'Insomnia', 'Melatonin'),
(61, 'Menstrual Pain', 'Mefenamic Acid'),
(62, 'Sprain', 'Paracetamol'),
(63, 'Ankle Pain', 'Aceclofenac'),
(64, 'Knee Swelling', 'Ibuprofen'),
(65, 'Eye Infection', 'Tobramycin'),
(66, 'Toothache', 'Metronidazole'),
(67, 'Gingivitis', 'Chlorhexidine'),
(68, 'Acid Peptic Disease', 'Esomeprazole'),
(69, 'Spondylitis', 'Indomethacin'),
(70, 'Bloating', 'Simethicone'),
(71, 'Migraine', 'Propranolol'),
(72, 'Throat Pain', 'Erythromycin'),
(73, 'Gout', 'Allopurinol'),
(74, 'UTI', 'Cotrimoxazole'),
(75, 'Dizziness', 'Betahistine'),
(76, 'Motion Sickness', 'Dimenhydrinate'),
(77, 'Food Poisoning', 'Ciprofloxacin'),
(78, 'Eye Redness', 'Naphazoline'),
(79, 'Ear Wax', 'Hydrogen Peroxide Drops'),
(80, 'Cholesterol', 'Atorvastatin'),
(81, 'Hypertension', 'Telmisartan'),
(82, 'Joint Stiffness', 'Etodolac'),
(83, 'Fever', 'Ibuprofen'),
(84, 'Cough', 'Codeine Syrup'),
(85, 'Nausea', 'Domperidone'),
(86, 'Diabetes Type 2', 'Glimepiride'),
(87, 'Hiccups', 'Chlorpromazine'),
(88, 'Burn', 'Silver Sulfadiazine'),
(89, 'Sunburn', 'Aloe Vera Gel'),
(90, 'Nail Fungus', 'Terbinafine'),
(91, 'Throat Swelling', 'Prednisolone'),
(92, 'Asthma', 'Budesonide'),
(93, 'Eosinophilia', 'Levocetirizine'),
(94, 'Headache', 'Paracetamol'),
(95, 'Cold', 'Phenylephrine'),
(96, 'Anxiety', 'Clonazepam'),
(97, 'Vertigo', 'Cinnarizine'),
(98, 'IBS', 'Dicyclomine'),
(99, 'GERD', 'Rabeprazole'),
(100, 'Fatigue', 'Multivitamin');

INSERT INTO Billing (appointments_id, total_fee, payment_status, billing_date) VALUES
(1, 1000, 'Paid', '2024-03-01'),
(2, 600, 'Paid', '2024-03-02'),
(4, 800, 'Unpaid', '2024-03-04'),
(5, 500, 'Pending', '2024-03-05'),
(6, 900, 'Paid', '2024-03-06'),
(7, 1200, 'Paid', '2024-03-07'),
(8, 850, 'Unpaid', '2024-03-08'),
(9, 700, 'Pending', '2024-03-09'),
(10, 650, 'Paid', '2024-03-10'),
(11, 1300, 'Paid', '2024-03-11'),
(12, 750, 'Unpaid', '2024-03-12'),
(13, 950, 'Pending', '2024-03-13'),
(14, 1100, 'Paid', '2024-03-14'),
(15, 500, 'Paid', '2024-03-15'),
(16, 800, 'Pending', '2024-03-16'),
(17, 1000, 'Unpaid', '2024-03-17'),
(18, 1200, 'Paid', '2024-03-18'),
(19, 600, 'Pending', '2024-03-19'),
(20, 700, 'Paid', '2024-03-20'),
(21, 950, 'Paid', '2024-03-21'),
(22, 1100, 'Pending', '2024-03-22'),
(23, 500, 'Unpaid', '2024-03-23'),
(24, 650, 'Paid', '2024-03-24'),
(25, 850, 'Paid', '2024-03-25'),
(26, 1050, 'Pending', '2024-03-26'),
(27, 750, 'Paid', '2024-03-27'),
(28, 900, 'Unpaid', '2024-03-28'),
(29, 600, 'Paid', '2024-03-29'),
(30, 700, 'Pending', '2024-03-30'),
(31, 1150, 'Paid', '2024-04-01'),
(32, 800, 'Paid', '2024-04-02'),
(33, 1300, 'Unpaid', '2024-04-03'),
(34, 950, 'Pending', '2024-04-04'),
(35, 1000, 'Paid', '2024-04-05'),
(36, 750, 'Paid', '2024-04-06'),
(37, 900, 'Pending', '2024-04-07'),
(38, 1100, 'Unpaid', '2024-04-08'),
(39, 850, 'Paid', '2024-04-09'),
(40, 650, 'Pending', '2024-04-10'),
(41, 1200, 'Paid', '2024-04-11'),
(42, 600, 'Paid', '2024-04-12'),
(43, 800, 'Unpaid', '2024-04-13'),
(44, 950, 'Pending', '2024-04-14'),
(45, 1050, 'Paid', '2024-04-15'),
(46, 700, 'Paid', '2024-04-16'),
(47, 500, 'Unpaid', '2024-04-17'),
(48, 1150, 'Paid', '2024-04-18'),
(49, 1000, 'Pending', '2024-04-19'),
(50, 900, 'Paid', '2024-04-20'),
(51, 850, 'Paid', '2024-04-21'),
(52, 750, 'Pending', '2024-04-22'),
(53, 600, 'Unpaid', '2024-04-23'),
(54, 1300, 'Paid', '2024-04-24'),
(55, 950, 'Pending', '2024-04-25'),
(56, 1100, 'Paid', '2024-04-26'),
(57, 700, 'Paid', '2024-04-27'),
(58, 1050, 'Unpaid', '2024-04-28'),
(59, 500, 'Pending', '2024-04-29'),
(60, 900, 'Paid', '2024-04-30'),
(61, 800, 'Paid', '2024-05-01'),
(62, 1150, 'Unpaid', '2024-05-02'),
(63, 650, 'Pending', '2024-05-03'),
(64, 700, 'Paid', '2024-05-04'),
(65, 1000, 'Paid', '2024-05-05'),
(66, 850, 'Pending', '2024-05-06'),
(67, 600, 'Unpaid', '2024-05-07'),
(68, 1200, 'Paid', '2024-05-08'),
(69, 750, 'Paid', '2024-05-09'),
(70, 1100, 'Pending', '2024-05-10'),
(71, 950, 'Unpaid', '2024-05-11'),
(72, 800, 'Paid', '2024-05-12'),
(73, 1050, 'Pending', '2024-05-13'),
(74, 900, 'Paid', '2024-05-14'),
(75, 650, 'Paid', '2024-05-15'),
(76, 850, 'Unpaid', '2024-05-16'),
(77, 1300, 'Pending', '2024-05-17'),
(78, 600, 'Paid', '2024-05-18'),
(79, 1150, 'Paid', '2024-05-19'),
(80, 500, 'Unpaid', '2024-05-20'),
(81, 1000, 'Pending', '2024-05-21'),
(82, 900, 'Paid', '2024-05-22'),
(83, 700, 'Paid', '2024-05-23'),
(84, 800, 'Unpaid', '2024-05-24'),
(85, 950, 'Pending', '2024-05-25'),
(86, 1200, 'Paid', '2024-05-26'),
(87, 650, 'Paid', '2024-05-27'),
(88, 1050, 'Unpaid', '2024-05-28'),
(89, 500, 'Pending', '2024-05-29'),
(90, 700, 'Paid', '2024-05-30'),
(91, 1100, 'Paid', '2024-05-31'),
(92, 600, 'Unpaid', '2024-06-01'),
(93, 800, 'Pending', '2024-06-02'),
(94, 900, 'Paid', '2024-06-03'),
(95, 750, 'Paid', '2024-06-04'),
(96, 950, 'Pending', '2024-06-05'),
(97, 1150, 'Unpaid', '2024-06-06'),
(98, 850, 'Paid', '2024-06-07'),
(99, 1300, 'Pending', '2024-06-08'),
(100, 1000, 'Paid', '2024-06-09');

